image_id,file_path,title,status,check_id,registration_status,review_action,overall_score,metadata_id,embedding_status,image_url,duration_seconds,error
cma_94979,artworks_met/cma_0069_94979.jpg,Nathaniel Hurd,registered,508522cc-d09f-4d57-9c38-b37fdd198f13,allowed,,0.9371684432029723,3fb45929-5a5c-4d0e-b64a-88293e11a6cf,ready,https://res.cloudinary.com/daz3btopf/image/upload/v1783751286/copyright-registrations/nathaniel-hurd-508522cc-d09f-4d57-9c38-b37fdd198f13.jpg,18.34,
cma_102578,artworks_met/cma_0070_102578.jpg,Portrait of Dora Wheeler,registered,e7202a25-3b40-4e76-9702-58f1532e4da5,allowed,,0.8792305767536164,9bb994a1-6de7-40b5-82f6-8e173714d186,ready,https://res.cloudinary.com/daz3btopf/image/upload/v1783751430/copyright-registrations/portrait-of-dora-wheeler-e7202a25-3b40-4e76-9702-58f1532e4da5.jpg,11.90,
cma_92937,artworks_met/cma_0071_92937.jpg,Stag at Sharkey's,registered,d3a3223a-afa9-4f56-a1bb-965bcd810280,allowed,,0.8589316189289091,ffc30df3-e02e-4959-a9ca-7bd152266640,ready,https://res.cloudinary.com/daz3btopf/image/upload/v1783751443/copyright-registrations/stag-at-sharkey-s-d3a3223a-afa9-4f56-a1bb-965bcd810280.jpg,13.64,
cma_151904,artworks_met/cma_0072_151904.jpg,The Biglin Brothers Turning the Stake,registered,d4d3c2e2-2ba6-4421-a90f-d24e7fe46cd3,allowed,,0.8684576928615569,ea25f354-f561-4dfb-9f26-3184a828abaf,ready,https://res.cloudinary.com/daz3btopf/image/upload/v1783751461/copyright-registrations/the-biglin-brothers-turning-the-stake-d4d3c2e2-2ba6-4421-a90f-d24e7fe46cd3.jpg,17.75,
cma_110180,artworks_met/cma_0073_110180.jpg,The Race Track (Death on a Pale Horse),registered,7f053cbb-14e6-4442-8d4c-c72a9bc43111,blocked,approved_test_dataset,0.9916784465312958,d9ce7300-872c-433a-bfb8-9b8d4cd4f6c6,ready,https://res.cloudinary.com/daz3btopf/image/upload/v1783751471/copyright-registrations/the-race-track-death-on-a-pale-horse-7f053cbb-14e6-4442-8d4c-c72a9bc43111.jpg,10.13,
cma_137259,artworks_met/cma_0074_137259.jpg,Mme L . . . (Laure Borreau),registered,87e6081a-a8ea-4b9b-974a-3565eec3b461,allowed,,0.8998359441757202,6d81b936-c6f3-49f6-b313-d954cb7f0b4f,ready,https://res.cloudinary.com/daz3btopf/image/upload/v1783751489/copyright-registrations/mme-l-laure-borreau-87e6081a-a8ea-4b9b-974a-3565eec3b461.jpg,17.65,
cma_141639,artworks_met/cma_0075_141639.jpg,Twilight in the Wilderness,registered,990de4dc-38e9-41d5-9500-554a2994539f,blocked,approved_test_dataset,0.9822989106178284,44145d06-e9ed-442e-8fa2-9770cbb6b5bb,ready,https://res.cloudinary.com/daz3btopf/image/upload/v1783751502/copyright-registrations/twilight-in-the-wilderness-990de4dc-38e9-41d5-9500-554a2994539f.jpg,13.64,
cma_149410,artworks_met/cma_0076_149410.jpg,In the Waves (Dans les Vagues),registered,10bedb0c-c5bd-47bb-ae29-529aeb26cde6,allowed,,0.8647933304309845,212123a9-c5a9-4596-9f77-70982c3a3170,ready,https://res.cloudinary.com/daz3btopf/image/upload/v1783751513/copyright-registrations/in-the-waves-dans-les-vagues-10bedb0c-c5bd-47bb-ae29-529aeb26cde6.jpg,11.03,
cma_149112,artworks_met/cma_0077_149112.jpg,Church Street El,registered,f66ae8ea-71d8-4f3a-9c77-87fc1ee3d02a,blocked,approved_test_dataset,1.0,07fe194c-4b42-47a7-aa01-ae2969910f2f,ready,https://res.cloudinary.com/daz3btopf/image/upload/v1783751528/copyright-registrations/church-street-el-f66ae8ea-71d8-4f3a-9c77-87fc1ee3d02a.jpg,15.44,
cma_125249,artworks_met/cma_0078_125249.jpg,The Large Plane Trees (Road Menders at Saint-Rémy),registered,b6868d69-a390-4ddc-8e1d-ca1c1b2d1fb7,allowed,,0.8884103417396545,7cd13db4-1bb1-4c1a-b22f-c12aca7721af,ready,https://res.cloudinary.com/daz3btopf/image/upload/v1783751542/copyright-registrations/the-large-plane-trees-road-menders-at-saint-r-my-b6868d69-a390-4ddc-8e1d-ca1c1b2d1fb7.jpg,13.04,
cma_135299,artworks_met/cma_0079_135299.jpg,Adeline Ravoux,registered,1f7e00cd-54b8-4313-ae41-f468b3549a5f,allowed,,0.7504019081592559,1e515825-5cb3-4e41-bd66-fbfb769a11ea,ready,https://res.cloudinary.com/daz3btopf/image/upload/v1783751558/copyright-registrations/adeline-ravoux-1f7e00cd-54b8-4313-ae41-f468b3549a5f.jpg,15.85,
cma_93014,artworks_met/cma_0080_93014.jpg,"View of Schroon Mountain, Essex County, New York, After a Storm",registered,8ab06fba-d30c-4e78-adb0-b7946d358d99,blocked,approved_test_dataset,0.997357541322708,2a57d080-eb30-46cb-8aa6-872d86df0baf,ready,https://res.cloudinary.com/daz3btopf/image/upload/v1783751573/copyright-registrations/view-of-schroon-mountain-essex-county-new-york-after-a-storm-8ab06fba-d30c-4e78-adb0-b7946d358d99.jpg,15.45,
cma_135382,artworks_met/cma_0081_135382.jpg,The Red Kerchief,registered,ba0da31a-0b66-4284-b93e-4bff39950529,allowed,,0.3214574784040451,b3e1ee89-fb18-4a40-ae27-ed65be137ace,ready,https://res.cloudinary.com/daz3btopf/image/upload/v1783752290/copyright-registrations/the-red-kerchief-ba0da31a-0b66-4284-b93e-4bff39950529.jpg,5.08,
cma_128391,artworks_met/cma_0082_128391.jpg,Portrait of a Family Playing Music,registered,1c648673-0160-4164-b07d-a27ea394fb1b,allowed,,0.6737503945827483,007ef3f2-bdc3-4119-bb4a-bdf2ef986ecd,ready,https://res.cloudinary.com/daz3btopf/image/upload/v1783752295/copyright-registrations/portrait-of-a-family-playing-music-1c648673-0160-4164-b07d-a27ea394fb1b.jpg,9.03,
cma_140161,artworks_met/cma_0083_140161.jpg,A Woman's Work,registered,f528677a-7fb8-49e9-a01d-a6d8141607cf,allowed,,0.3037083029747009,c7060390-049e-4df2-8a9d-5ce4b7fce0c7,ready,https://res.cloudinary.com/daz3btopf/image/upload/v1783752304/copyright-registrations/a-woman-s-work-f528677a-7fb8-49e9-a01d-a6d8141607cf.jpg,11.84,
cma_125104,artworks_met/cma_0084_125104.jpg,Frieze of Dancers,registered,c782f880-89fd-478f-9e9a-2a0f236c1054,blocked,approved_test_dataset,0.996081644296646,bf05784e-0c01-48cb-9b93-c82040ac9835,ready,https://res.cloudinary.com/daz3btopf/image/upload/v1783751665/copyright-registrations/frieze-of-dancers-c782f880-89fd-478f-9e9a-2a0f236c1054.jpg,17.54,
cma_138464,artworks_met/cma_0085_138464.jpg,Cupid and Psyche,registered,a5c23d5f-7110-4b0c-ab49-ba38ba811681,allowed,,0.9206619083881378,ba200365-b463-4a8d-90c5-18034c3e793e,ready,https://res.cloudinary.com/daz3btopf/image/upload/v1783751688/copyright-registrations/cupid-and-psyche-a5c23d5f-7110-4b0c-ab49-ba38ba811681.jpg,23.67,
cma_127571,artworks_met/cma_0086_127571.jpg,"Portrait of a Man, Possibly Girolamo Rosati",registered,578d8f51-342e-4122-926e-0a8041b8d376,allowed,,0.6539403259754181,ce047cfb-7926-48c0-baf3-d2491a27db52,ready,https://res.cloudinary.com/daz3btopf/image/upload/v1783752318/copyright-registrations/portrait-of-a-man-possibly-girolamo-rosati-578d8f51-342e-4122-926e-0a8041b8d376.jpg,11.43,
cma_109245,artworks_met/cma_0087_109245.jpg,"Elizabeth Shewell West and Her Son, Raphael",registered,56aa755b-3929-4805-aec0-67dc8fd747c8,blocked,approved_test_dataset,1.0,e7db8fc7-242d-4e0b-b27a-519950d82296,ready,https://res.cloudinary.com/daz3btopf/image/upload/v1783751715/copyright-registrations/elizabeth-shewell-west-and-her-son-raphael-56aa755b-3929-4805-aec0-67dc8fd747c8.jpg,15.39,
cma_122349,artworks_met/cma_0088_122349.jpg,Portrait of the Ladies Amabel and Mary Jemima Yorke,registered,15c9a3a5-48b3-4c7d-9a88-270bd0034f50,allowed,,0.6010447680950164,f54cad85-3d57-4f70-9d1a-4908fba78cb0,ready,https://res.cloudinary.com/daz3btopf/image/upload/v1783751722/copyright-registrations/portrait-of-the-ladies-amabel-and-mary-jemima-yorke-15c9a3a5-48b3-4c7d-9a88-270bd0034f50.jpg,11.24,
cma_160885,artworks_met/cma_0089_160885.jpg,Portrait of Tieleman Roosterman,registered,76473d31-9366-4f35-9a1e-a916977f9e21,allowed,,0.6035784304141998,b0e16631-514a-462c-bf64-4360755eb5ef,ready,https://res.cloudinary.com/daz3btopf/image/upload/v1783751731/copyright-registrations/portrait-of-tieleman-roosterman-76473d31-9366-4f35-9a1e-a916977f9e21.jpg,11.83,
cma_140408,artworks_met/cma_0090_140408.jpg,Peregrine Falcons (Duck Hawks),registered,ca2fb407-c3af-41ba-87e3-4781607bb36b,allowed,,0.24004129171371458,fe120c26-8248-4cd2-9ed2-40e1c2931dc2,ready,https://res.cloudinary.com/daz3btopf/image/upload/v1783751747/copyright-registrations/peregrine-falcons-duck-hawks-ca2fb407-c3af-41ba-87e3-4781607bb36b.jpg,9.23,
cma_117032,artworks_met/cma_0091_117032.jpg,The Sacrifice of Isaac,registered,48899707-dbb7-48c1-b1a1-de4440c3eabd,allowed,,0.6089418649673461,d3acb3cc-6fcc-4f74-88e2-9307c688b9d0,ready,https://res.cloudinary.com/daz3btopf/image/upload/v1783751752/copyright-registrations/the-sacrifice-of-isaac-48899707-dbb7-48c1-b1a1-de4440c3eabd.jpg,12.04,
cma_135428,artworks_met/cma_0092_135428.jpg,Hunting near Hartenfels Castle,registered,4e873131-d23f-49d6-88c7-b948eda5c871,allowed,,0.29194397330284116,8cf88963-c70b-42c4-862b-fcc74378c8ba,ready,https://res.cloudinary.com/daz3btopf/image/upload/v1783751770/copyright-registrations/hunting-near-hartenfels-castle-4e873131-d23f-49d6-88c7-b948eda5c871.jpg,11.43,
cma_131819,artworks_met/cma_0093_131819.jpg,A Genoese Lady with Her Child,registered,cef42f27-623c-46a7-8b3e-0bf80ebea510,allowed,,0.5296432346105575,401f693e-70d0-43d3-8d05-ca8c1ebfe2de,ready,https://res.cloudinary.com/daz3btopf/image/upload/v1783751777/copyright-registrations/a-genoese-lady-with-her-child-cef42f27-623c-46a7-8b3e-0bf80ebea510.jpg,10.83,
cma_150389,artworks_met/cma_0094_150389.jpg,The Holy Family on the Steps,registered,fd1a0ba2-f751-41c7-bf2a-7a02ef35691b,allowed,,0.3688290774822235,ae9e751f-dea1-4d93-abd6-aac798e198c6,ready,https://res.cloudinary.com/daz3btopf/image/upload/v1783751789/copyright-registrations/the-holy-family-on-the-steps-fd1a0ba2-f751-41c7-bf2a-7a02ef35691b.jpg,11.64,
cma_148758,artworks_met/cma_0095_148758.jpg,The Crucifixion of Saint Andrew,registered,c5590fa1-0e39-4559-8909-9bb042903d76,allowed,,0.6678242683410645,f754ba92-2390-4076-bb90-a6254a3baefc,ready,https://res.cloudinary.com/daz3btopf/image/upload/v1783751798/copyright-registrations/the-crucifixion-of-saint-andrew-c5590fa1-0e39-4559-8909-9bb042903d76.jpg,9.23,
cma_138359,artworks_met/cma_0096_138359.jpg,Wineglass and a Bowl of Fruit,registered,223fb9a4-67f4-4bc3-9394-26d1b89c964b,allowed,,0.2994177550077438,cda4c592-3b12-428a-bd16-9a3dd4d9f877,ready,https://res.cloudinary.com/daz3btopf/image/upload/v1783751808/copyright-registrations/wineglass-and-a-bowl-of-fruit-223fb9a4-67f4-4bc3-9394-26d1b89c964b.jpg,10.23,
cma_98268,artworks_met/cma_0097_98268.jpg,George Washington at Princeton,registered,fccd69f7-18cb-46f2-937f-de96df378ca4,allowed,,0.5297714114189148,2e969b4a-a681-44d5-890c-4cb5467c6d75,ready,https://res.cloudinary.com/daz3btopf/image/upload/v1783751819/copyright-registrations/george-washington-at-princeton-fccd69f7-18cb-46f2-937f-de96df378ca4.jpg,10.43,
cma_122351,artworks_met/cma_0098_122351.jpg,"The Burning of the Houses of Lords and Commons, 16 October 1834",registered,b54fb2ab-e03d-4697-9aae-ba11899c269b,allowed,,0.5884264051914214,3291050d-c1db-4c94-a898-19e810635f98,ready,https://res.cloudinary.com/daz3btopf/image/upload/v1783751828/copyright-registrations/the-burning-of-the-houses-of-lords-and-commons-16-october-1834-b54fb2ab-e03d-4697-9aae-ba11899c269b.jpg,9.23,
cma_126769,artworks_met/cma_0099_126769.jpg,Fight Between a Tiger and a Buffalo,registered,36319bd5-2c25-4d14-9f2f-0a153030ad1e,allowed,,0.23735752701759338,ccd38466-b0c2-44c5-80d7-1d7daddd3128,ready,https://res.cloudinary.com/daz3btopf/image/upload/v1783751837/copyright-registrations/fight-between-a-tiger-and-a-buffalo-36319bd5-2c25-4d14-9f2f-0a153030ad1e.jpg,12.24,
cma_135661,artworks_met/cma_0100_135661.jpg,Diana and Her Nymphs Departing for the Hunt,registered,628e9d50-197d-4561-847e-44b2a63c6999,allowed,,0.7217216670513152,d3398bf4-85ad-44ab-a809-b40f45c56997,ready,https://res.cloudinary.com/daz3btopf/image/upload/v1783751849/copyright-registrations/diana-and-her-nymphs-departing-for-the-hunt-628e9d50-197d-4561-847e-44b2a63c6999.jpg,9.43,
cma_135214,artworks_met/cma_0101_135214.jpg,The Troubadour,registered,681a5f47-ceeb-4fa8-bdbb-91973deb4461,allowed,,0.3297535419464111,df08f3bd-4894-45ec-9ce9-81bc12ec404d,ready,https://res.cloudinary.com/daz3btopf/image/upload/v1783751860/copyright-registrations/the-troubadour-681a5f47-ceeb-4fa8-bdbb-91973deb4461.jpg,10.83,
cma_97155,artworks_met/cma_0102_97155.jpg,Portrait of a Couple,registered,6fc299c2-617e-477b-af89-f13bc7df8052,allowed,,0.5669338822364807,0d5d5244-c836-426c-8c91-f0dfc50d115c,ready,https://res.cloudinary.com/daz3btopf/image/upload/v1783751874/copyright-registrations/portrait-of-a-couple-6fc299c2-617e-477b-af89-f13bc7df8052.jpg,9.43,
cma_134072,artworks_met/cma_0103_134072.jpg,Sunny Autumn Day,registered,a62d93b2-60bc-4ba7-81f6-0a948dac769d,allowed,,0.6598924040794372,871a161c-489b-40f9-80cc-99fb624b0efe,ready,https://res.cloudinary.com/daz3btopf/image/upload/v1783751883/copyright-registrations/sunny-autumn-day-a62d93b2-60bc-4ba7-81f6-0a948dac769d.jpg,10.23,
cma_124089,artworks_met/cma_0104_124089.jpg,Portrait of a Woman,registered,7fbdc66f-45b9-45c5-99a0-d1a56944af91,allowed,,0.5441333830356598,20374dbf-0470-43b5-8f06-92c081f82546,ready,https://res.cloudinary.com/daz3btopf/image/upload/v1783751889/copyright-registrations/portrait-of-a-woman-7fbdc66f-45b9-45c5-99a0-d1a56944af91.jpg,12.00,
cma_136510,artworks_met/cma_0105_136510.jpg,Water Lilies (Agapanthus),registered,1c1ec9f3-9b55-43e4-94c1-60dc2e232f44,allowed,,0.35316550135612484,58413f23-edb6-4c73-9011-568f0e1c3744,ready,https://res.cloudinary.com/daz3btopf/image/upload/v1783751901/copyright-registrations/water-lilies-agapanthus-1c1ec9f3-9b55-43e4-94c1-60dc2e232f44.jpg,11.66,
cma_155783,artworks_met/cma_0106_155783.jpg,The Power of Music,registered,42d54774-c01b-4071-990f-4581863bd31d,allowed,,0.6152206122875213,2179b827-fd67-48e2-b14a-8cae62ca1034,ready,https://res.cloudinary.com/daz3btopf/image/upload/v1783751914/copyright-registrations/the-power-of-music-42d54774-c01b-4071-990f-4581863bd31d.jpg,9.83,
cma_136911,artworks_met/cma_0107_136911.jpg,View of Florence,registered,aff4a3e8-1225-40af-b0ae-aa06b787e9d6,allowed,,0.6448688387870789,76b9bea4-8210-4b66-b980-30a6fd77ceab,ready,https://res.cloudinary.com/daz3btopf/image/upload/v1783751922/copyright-registrations/view-of-florence-aff4a3e8-1225-40af-b0ae-aa06b787e9d6.jpg,11.83,
cma_147017,artworks_met/cma_0108_147017.jpg,"Branch Hill Pond, Hampstead",registered,4f276805-341f-4809-904f-9f925559ba19,allowed,,0.5903932511806488,8924b576-1877-4652-ae1d-87af089aef5d,ready,https://res.cloudinary.com/daz3btopf/image/upload/v1783751938/copyright-registrations/branch-hill-pond-hampstead-4f276805-341f-4809-904f-9f925559ba19.jpg,9.02,
cma_143602,artworks_met/cma_0109_143602.jpg,Low Waterfall in a Wooded Landscape with a Dead Beech Tree,registered,df7b28f0-def0-43ff-b768-a44001cadaf5,allowed,,0.666597419977188,78314ce2-dc61-499c-9668-e61704b67ec6,ready,https://res.cloudinary.com/daz3btopf/image/upload/v1783751946/copyright-registrations/low-waterfall-in-a-wooded-landscape-with-a-dead-beech-tree-df7b28f0-def0-43ff-b768-a44001cadaf5.jpg,12.43,
cma_135539,artworks_met/cma_0110_135539.jpg,"Mourner from the Tomb of Philip the Bold, Duke of Burgundy (1364–1404)",registered,8bcc70c4-7b22-4070-ae10-97c3607c1cd2,allowed,,0.44061648249626156,8adeae72-ab54-4c09-809b-fcdf91d3f833,ready,https://res.cloudinary.com/daz3btopf/image/upload/v1783751956/copyright-registrations/mourner-from-the-tomb-of-philip-the-bold-duke-of-burgundy-1364-1404-8bcc70c4-7b22-4070-ae10-97c3607c1cd2.jpg,9.22,
cma_149768,artworks_met/cma_0111_149768.jpg,Saint John the Baptist in a Landscape,registered,9dbd3eff-ab58-49d1-8115-011de71f7a05,allowed,,0.40801292657852173,81ac3bfc-9d4e-4416-abe2-8b333c9a1713,ready,https://res.cloudinary.com/daz3btopf/image/upload/v1783751965/copyright-registrations/saint-john-the-baptist-in-a-landscape-9dbd3eff-ab58-49d1-8115-011de71f7a05.jpg,12.04,
cma_156112,artworks_met/cma_0112_156112.jpg,Tea Table,registered,537afa67-e525-4ef2-bbca-63f5017194a4,allowed,,0.4000948935747146,4c620b05-a9cb-4afe-85be-1f9f7a55a5ca,ready,https://res.cloudinary.com/daz3btopf/image/upload/v1783751977/copyright-registrations/tea-table-537afa67-e525-4ef2-bbca-63f5017194a4.jpg,8.83,
cma_111811,artworks_met/cma_0113_111811.jpg,"Nataraja, Shiva as the Lord of Dance",registered,d14eac84-6dc2-467b-aa15-98f768f64706,allowed,,0.475043910741806,f3269cbd-9a10-4553-8f9e-6b76797a8334,ready,https://res.cloudinary.com/daz3btopf/image/upload/v1783751986/copyright-registrations/nataraja-shiva-as-the-lord-of-dance-d14eac84-6dc2-467b-aa15-98f768f64706.jpg,12.03,
cma_155665,artworks_met/cma_0114_155665.jpg,Red-Figure Calyx-Krater (Mixing Vessel): Medea in Chariot (A); Telephos with Baby Orestes (B),registered,033a3e2f-b558-4e38-a0f9-6d4fd890369c,allowed,,0.5655454576015473,4b4f306b-7381-4b8e-a64c-327791bb8d87,ready,https://res.cloudinary.com/daz3btopf/image/upload/v1783751998/copyright-registrations/red-figure-calyx-krater-mixing-vessel-medea-in-chariot-a-telephos-with-baby-orestes-b-033a3e2f-b558-4e38-a0f9-6d4fd890369c.jpg,9.03,
cma_122338,artworks_met/cma_0115_122338.jpg,The Annunciation,registered,da6f37fa-c2f8-4010-bf1f-40ef5f754f78,allowed,,0.5445428609848022,c57e0e65-ef88-4ae9-ab26-8c1bda2331e0,ready,https://res.cloudinary.com/daz3btopf/image/upload/v1783752010/copyright-registrations/the-annunciation-da6f37fa-c2f8-4010-bf1f-40ef5f754f78.jpg,11.83,
cma_123985,artworks_met/cma_0116_123985.jpg,The Wade Cup with Animated Script,registered,89b68de7-3bb8-496d-9d96-d8809c7f9faf,allowed,,0.5892330765724181,1e2f2526-4991-40e1-b064-7165c24291e6,ready,https://res.cloudinary.com/daz3btopf/image/upload/v1783752019/copyright-registrations/the-wade-cup-with-animated-script-89b68de7-3bb8-496d-9d96-d8809c7f9faf.jpg,9.42,
cma_149665,artworks_met/cma_0117_149665.jpg,Ruin by the Sea,registered,1fc27c4b-1621-41f5-9351-8b049b20e9a0,allowed,,0.6057214796543121,9129c1e4-0102-45ad-9a78-fe32ad5cbe67,ready,https://res.cloudinary.com/daz3btopf/image/upload/v1783752029/copyright-registrations/ruin-by-the-sea-1fc27c4b-1621-41f5-9351-8b049b20e9a0.jpg,10.03,
cma_171296,artworks_met/cma_0118_171296.jpg,Vale of Kashmir,registered,be9a0f21-6100-4f69-882e-f1a4b2d145ec,allowed,,0.731335437297821,64038436-75ef-4f97-8167-d12ae50315e9,ready,https://res.cloudinary.com/daz3btopf/image/upload/v1783752038/copyright-registrations/vale-of-kashmir-be9a0f21-6100-4f69-882e-f1a4b2d145ec.jpg,11.84,
cma_148753,artworks_met/cma_0119_148753.jpg,Violette Heymann,registered,34cc7168-0ff9-409f-b573-a6661a236d3f,allowed,,0.6338345229625701,cecab384-5dfb-4fd0-84c2-138b15d35aaa,ready,https://res.cloudinary.com/daz3btopf/image/upload/v1783752050/copyright-registrations/violette-heymann-34cc7168-0ff9-409f-b573-a6661a236d3f.jpg,9.03,
cma_106841,artworks_met/cma_0120_106841.jpg,Table Fountain,registered,cc6f65a6-3116-40ac-858e-876bb462c054,allowed,,0.6767484366893768,2040aede-dccd-4c13-aadd-0ecccc30a322,ready,https://res.cloudinary.com/daz3btopf/image/upload/v1783752059/copyright-registrations/table-fountain-cc6f65a6-3116-40ac-858e-876bb462c054.jpg,12.24,
cma_135920,artworks_met/cma_0121_135920.jpg,Saint Lawrence,registered,d36fee07-b259-4797-8ec3-37969602198c,allowed,,0.6425527930259705,ef6e86e2-01e6-431c-98d6-00981cf29a43,ready,https://res.cloudinary.com/daz3btopf/image/upload/v1783752071/copyright-registrations/saint-lawrence-d36fee07-b259-4797-8ec3-37969602198c.jpg,11.83,
cma_128392,artworks_met/cma_0122_128392.jpg,"Edge of the Woods Near L'Hermitage, Pontoise",registered,91c37a54-0664-436d-a961-e68d9f5190ff,allowed,,0.5564054012298583,e50895d7-8021-476b-8779-207169a22665,ready,https://res.cloudinary.com/daz3btopf/image/upload/v1783752085/copyright-registrations/edge-of-the-woods-near-l-hermitage-pontoise-91c37a54-0664-436d-a961-e68d9f5190ff.jpg,10.44,
cma_128842,artworks_met/cma_0123_128842.jpg,Saint Peter Repentant,registered,4b1d57fa-8fff-4265-bb3c-0cd9c7031d51,allowed,,0.6177282452583313,a9ce22ed-c4b5-47b2-9492-9d3f2175d90a,ready,https://res.cloudinary.com/daz3btopf/image/upload/v1783752096/copyright-registrations/saint-peter-repentant-4b1d57fa-8fff-4265-bb3c-0cd9c7031d51.jpg,11.23,
cma_98823,artworks_met/cma_0124_98823.jpg,Amitabha Triad,registered,51142333-e145-4947-9259-6e8177fb6f09,allowed,,0.5564592391252517,eae4b789-6a7a-4970-a0cf-27bbe85e208c,ready,https://res.cloudinary.com/daz3btopf/image/upload/v1783752105/copyright-registrations/amitabha-triad-51142333-e145-4947-9259-6e8177fb6f09.jpg,11.84,
cma_147938,artworks_met/cma_0125_147938.jpg,"Interior of the Pantheon, Rome",registered,1ec6c77d-1b37-4864-8d54-bfb283451f12,allowed,,0.22854936718940733,f8f43beb-4ec0-42a3-9786-12e728322b9a,ready,https://res.cloudinary.com/daz3btopf/image/upload/v1783752117/copyright-registrations/interior-of-the-pantheon-rome-1ec6c77d-1b37-4864-8d54-bfb283451f12.jpg,11.84,
cma_153603,artworks_met/cma_0126_153603.jpg,Portrait of Machtelt Suijs,registered,35c41da3-a599-4031-bec2-dc04b4663684,allowed,,0.39920660853385925,71a5aa3c-2327-447f-8601-bae000230b4d,ready,https://res.cloudinary.com/daz3btopf/image/upload/v1783752129/copyright-registrations/portrait-of-machtelt-suijs-35c41da3-a599-4031-bec2-dc04b4663684.jpg,9.22,
cma_155860,artworks_met/cma_0127_155860.jpg,The Young Eastern Woman,registered,faa28078-e645-4915-89e3-1be1c0be8f2e,allowed,,0.39542685747146605,38554e25-5469-43d8-acbb-60e2f2f5d227,ready,https://res.cloudinary.com/daz3btopf/image/upload/v1783752140/copyright-registrations/the-young-eastern-woman-faa28078-e645-4915-89e3-1be1c0be8f2e.jpg,11.04,
cma_160289,artworks_met/cma_0128_160289.jpg,Portrait of Lisa Colt Curtis,registered,420ad15c-f38c-479f-8dcd-a141f59e0114,allowed,,0.5910193443298339,995a5240-b639-484a-8761-5ff547205dc1,ready,https://res.cloudinary.com/daz3btopf/image/upload/v1783752149/copyright-registrations/portrait-of-lisa-colt-curtis-420ad15c-f38c-479f-8dcd-a141f59e0114.jpg,11.83,
cma_135538,artworks_met/cma_0129_135538.jpg,"Mourner from the Tomb of Philip the Bold, Duke of Burgundy (1364–1404)",registered,bab44ef9-1fcc-4fa1-ad13-a801b2492d46,allowed,,0.844184523820877,723650bc-b5a5-4333-a54c-7e22610a7fdc,ready,https://res.cloudinary.com/daz3btopf/image/upload/v1783752160/copyright-registrations/mourner-from-the-tomb-of-philip-the-bold-duke-of-burgundy-1364-1404-bab44ef9-1fcc-4fa1-ad13-a801b2492d46.jpg,11.64,
cma_142792,artworks_met/cma_0130_142792.jpg,Wrestlers in a Circus,registered,415d9185-bf6b-43cb-83a6-7ad1d09ab58e,allowed,,0.46096411347389216,9fb06229-11a2-4681-8f30-e254f1b176f0,ready,https://res.cloudinary.com/daz3btopf/image/upload/v1783752172/copyright-registrations/wrestlers-in-a-circus-415d9185-bf6b-43cb-83a6-7ad1d09ab58e.jpg,9.03,
cma_283088,artworks_met/cma_0131_283088.jpg,Icon of the New Testament Trinity,registered,d9fa3f04-38d1-4eb3-a26b-a5eabd3cb257,allowed,,0.30355897545814514,04e3be43-ad65-4c35-ad07-52bf110d98c7,ready,https://res.cloudinary.com/daz3btopf/image/upload/v1783752182/copyright-registrations/icon-of-the-new-testament-trinity-d9fa3f04-38d1-4eb3-a26b-a5eabd3cb257.jpg,12.23,
cma_145412,artworks_met/cma_0132_145412.jpg,Portrait of Hottō Enmyō Kokushi,registered,4ee53aa2-1260-44d1-bba8-b3267f7805cf,allowed,,0.6479886770248413,28fda05c-4f34-4120-b437-414143c0c9a5,ready,https://res.cloudinary.com/daz3btopf/image/upload/v1783752471/copyright-registrations/portrait-of-hott-enmy-kokushi-4ee53aa2-1260-44d1-bba8-b3267f7805cf.jpg,4.99,
cma_103366,artworks_met/cma_0133_103366.jpg,Elizabeth Beltzhoover Mason,registered,6119faf6-0009-4f9f-8c32-befb5ef4f720,allowed,,0.6169195830821991,5685e43a-fe21-4d62-8fb5-0c599507021b,ready,https://res.cloudinary.com/daz3btopf/image/upload/v1783752476/copyright-registrations/elizabeth-beltzhoover-mason-6119faf6-0009-4f9f-8c32-befb5ef4f720.jpg,9.02,
cma_119143,artworks_met/cma_0134_119143.jpg,Mourner from the Tomb of John the Fearless and Margaret of Bavaria,registered,c6ef8334-04bb-45bc-8886-e87d4b978273,allowed,,0.8026212930679321,cbcc4275-ffe7-4a19-b367-c70ad92f1926,ready,https://res.cloudinary.com/daz3btopf/image/upload/v1783752485/copyright-registrations/mourner-from-the-tomb-of-john-the-fearless-and-margaret-of-bavaria-c6ef8334-04bb-45bc-8886-e87d4b978273.jpg,12.24,
cma_138885,artworks_met/cma_0135_138885.jpg,"Hours of Queen Isabella the Catholic, Queen of Spain",registered,97e8944e-96fc-4b73-9db0-5eb836c4d87b,allowed,,0.5106040328741074,f322f930-0d8c-4a84-8976-716198681168,ready,https://res.cloudinary.com/daz3btopf/image/upload/v1783752497/copyright-registrations/hours-of-queen-isabella-the-catholic-queen-of-spain-97e8944e-96fc-4b73-9db0-5eb836c4d87b.jpg,11.94,
cma_140078,artworks_met/cma_0136_140078.jpg,"La Cervara, the Roman Campagna",registered,8d0de607-5379-492f-bad4-0a910d41d9c7,allowed,,0.5759284764528274,f020f835-5d20-419b-86fa-7c1f028d7ca8,ready,https://res.cloudinary.com/daz3btopf/image/upload/v1783752513/copyright-registrations/la-cervara-the-roman-campagna-8d0de607-5379-492f-bad4-0a910d41d9c7.jpg,9.03,
cma_142560,artworks_met/cma_0137_142560.jpg,Standing Buddha,registered,bfe3c78f-446c-490d-af31-a6a8465d3945,allowed,,0.7797011435031891,2268a135-a95a-4143-9e73-5d427598b6f5,ready,https://res.cloudinary.com/daz3btopf/image/upload/v1783752518/copyright-registrations/standing-buddha-bfe3c78f-446c-490d-af31-a6a8465d3945.jpg,12.04,
cma_129799,artworks_met/cma_0138_129799.jpg,Backrest of a Litter,registered,1513288d-70af-4640-aedd-9c7427a46e00,allowed,,0.6007546424865722,46245d6b-c645-4b85-a860-b5a65f5f0ddd,ready,https://res.cloudinary.com/daz3btopf/image/upload/v1783752533/copyright-registrations/backrest-of-a-litter-1513288d-70af-4640-aedd-9c7427a46e00.jpg,9.63,
cma_148021,artworks_met/cma_0139_148021.jpg,Eleven-Headed Bodhisattva of Compassion (Avalokiteshvara),registered,a498976c-ca7f-4eed-8f89-af279b36fe82,allowed,,0.7613551795482635,0637ce99-5319-49b9-9a90-95a1b1490121,ready,https://res.cloudinary.com/daz3btopf/image/upload/v1783752539/copyright-registrations/eleven-headed-bodhisattva-of-compassion-avalokiteshvara-a498976c-ca7f-4eed-8f89-af279b36fe82.jpg,11.83,
cma_119132,artworks_met/cma_0140_119132.jpg,"Mourner from the Tomb of Philip the Bold, Duke of Burgundy (1364–1404)",registered,3b33658f-62a6-4e16-92f2-1b57ff914571,allowed,,0.8900647699832915,5975dfab-e840-4f86-b605-b9b29a373693,ready,https://res.cloudinary.com/daz3btopf/image/upload/v1783752551/copyright-registrations/mourner-from-the-tomb-of-philip-the-bold-duke-of-burgundy-1364-1404-3b33658f-62a6-4e16-92f2-1b57ff914571.jpg,11.83,
cma_98627,artworks_met/cma_0141_98627.jpg,The Age of Bronze,registered,0b02330b-e451-4efc-9f84-10a355fe477e,allowed,,0.43795582652091974,657f910e-c4cb-4388-ae91-934cc4ac2992,ready,https://res.cloudinary.com/daz3btopf/image/upload/v1783752563/copyright-registrations/the-age-of-bronze-0b02330b-e451-4efc-9f84-10a355fe477e.jpg,9.03,
cma_145450,artworks_met/cma_0142_145450.jpg,Interior of a Church,registered,346c1491-e347-4f54-b1c6-5b00fb8b895c,allowed,,0.5878605425357818,8374074f-03ec-4821-bc5c-9addfade94d2,ready,https://res.cloudinary.com/daz3btopf/image/upload/v1783752574/copyright-registrations/interior-of-a-church-346c1491-e347-4f54-b1c6-5b00fb8b895c.jpg,11.03,
cma_149146,artworks_met/cma_0143_149146.jpg,Raft Cup,registered,14072887-1072-4c2d-afca-db2cba022e7e,allowed,,0.6104359149932861,4a5fcd21-4052-49e0-828d-c4f7066a75c3,ready,https://res.cloudinary.com/daz3btopf/image/upload/v1783752584/copyright-registrations/raft-cup-14072887-1072-4c2d-afca-db2cba022e7e.jpg,9.23,
cma_127239,artworks_met/cma_0144_127239.jpg,Seated Male Carrying Maize,registered,d191029d-76c9-4955-9827-246b066c2297,allowed,,0.606208974123001,1381faec-25a5-44d4-aa68-39d775b1809c,ready,https://res.cloudinary.com/daz3btopf/image/upload/v1783752595/copyright-registrations/seated-male-carrying-maize-d191029d-76c9-4955-9827-246b066c2297.jpg,11.24,
cma_146148,artworks_met/cma_0145_146148.jpg,Basket of Plums,registered,e9827000-b6d1-47bb-8e02-ce28725a1f6d,allowed,,0.5791223049163818,cf61336b-c487-4c69-a886-78ada1f84854,ready,https://res.cloudinary.com/daz3btopf/image/upload/v1783752604/copyright-registrations/basket-of-plums-e9827000-b6d1-47bb-8e02-ce28725a1f6d.jpg,9.42,
cma_113202,artworks_met/cma_0146_113202.jpg,The Holy Family with Saint John the Baptist and Saint Margaret,registered,91b3228d-b2ce-4172-8cd0-eed7811206ba,allowed,,0.34329423904418943,bce8afab-d6f2-4787-9eec-48c3743f2fa0,ready,https://res.cloudinary.com/daz3btopf/image/upload/v1783752614/copyright-registrations/the-holy-family-with-saint-john-the-baptist-and-saint-margaret-91b3228d-b2ce-4172-8cd0-eed7811206ba.jpg,9.83,
cma_143165,artworks_met/cma_0147_143165.jpg,Icon of the Virgin and Child,registered,8d4f27be-7233-4e96-9935-429150155215,allowed,,0.5798297345638275,73b0aa92-7910-43a1-b594-37cea2deaafb,ready,https://res.cloudinary.com/daz3btopf/image/upload/v1783752625/copyright-registrations/icon-of-the-virgin-and-child-8d4f27be-7233-4e96-9935-429150155215.jpg,10.84,
cma_124739,artworks_met/cma_0148_124739.jpg,Mantle,registered,4f000606-5194-4527-926d-86536d06ecb1,allowed,,0.28290992975234985,bc9ef1be-6590-4b32-8bc0-fd18c1117b61,ready,https://res.cloudinary.com/daz3btopf/image/upload/v1783752638/copyright-registrations/mantle-4f000606-5194-4527-926d-86536d06ecb1.jpg,9.42,
cma_172815,artworks_met/cma_0149_172815.jpg,"Mount Starr King, Yosemite",registered,e6895231-4078-42fb-8712-086f4aac7b6c,allowed,,0.7031605660915374,22a56114-c57e-4fe6-a818-66650ca6ae90,ready,https://res.cloudinary.com/daz3btopf/image/upload/v1783752647/copyright-registrations/mount-starr-king-yosemite-e6895231-4078-42fb-8712-086f4aac7b6c.jpg,12.24,
cma_145407,artworks_met/cma_0150_145407.jpg,Ganesha,registered,d3bc78db-7b15-4af1-9a8f-5beb8e710f42,allowed,,0.7034551620483398,0f3d5724-a251-448a-af6f-8bc6233ade21,ready,https://res.cloudinary.com/daz3btopf/image/upload/v1783752656/copyright-registrations/ganesha-d3bc78db-7b15-4af1-9a8f-5beb8e710f42.jpg,9.03,
cma_137198,artworks_met/cma_0151_137198.jpg,Jar with Lion-Head Handles,registered,9181ae0b-dccd-42a7-8f90-fe19664fb3f4,allowed,,0.5918798863887786,3d1b5bb5-6a96-4873-9381-7dd0daced428,ready,https://res.cloudinary.com/daz3btopf/image/upload/v1783752665/copyright-registrations/jar-with-lion-head-handles-9181ae0b-dccd-42a7-8f90-fe19664fb3f4.jpg,12.23,
cma_145463,artworks_met/cma_0152_145463.jpg,Danaë,registered,2f509c8e-4d09-4d5b-ba77-8c3558ed6533,allowed,,0.7500171780586242,8a29540b-8aed-485a-97e9-c8626279a7a5,ready,https://res.cloudinary.com/daz3btopf/image/upload/v1783752677/copyright-registrations/dana-2f509c8e-4d09-4d5b-ba77-8c3558ed6533.jpg,9.23,
cma_159234,artworks_met/cma_0153_159234.jpg,Crucifix with Scenes of the Passion,registered,f20c9c66-44f5-439a-9bf7-eb99fe7075a1,allowed,,0.35574187040328975,43bb0f03-7eec-4f3d-a9e5-31c574573c59,ready,https://res.cloudinary.com/daz3btopf/image/upload/v1783752687/copyright-registrations/crucifix-with-scenes-of-the-passion-f20c9c66-44f5-439a-9bf7-eb99fe7075a1.jpg,12.44,
cma_106088,artworks_met/cma_0154_106088.jpg,Early Morning After a Storm at Sea,registered,a3142538-1f0b-4baa-a54b-a3d00643bdf8,allowed,,0.37670279741287227,d5ec2621-b959-4a46-8015-b8693a99d2bc,ready,https://res.cloudinary.com/daz3btopf/image/upload/v1783752701/copyright-registrations/early-morning-after-a-storm-at-sea-a3142538-1f0b-4baa-a54b-a3d00643bdf8.jpg,11.83,
cma_115405,artworks_met/cma_0155_115405.jpg,The Pigeon Tower at Bellevue,registered,6b361fa8-6010-4a05-83fb-80315a74825f,allowed,,0.6418767929077148,47eaf711-c4b0-48cc-be1d-fde97658566f,ready,https://res.cloudinary.com/daz3btopf/image/upload/v1783752711/copyright-registrations/the-pigeon-tower-at-bellevue-6b361fa8-6010-4a05-83fb-80315a74825f.jpg,9.43,
cma_135310,artworks_met/cma_0156_135310.jpg,Two Poplars in the Alpilles near Saint-Rémy,registered,0724afb2-9f84-4d60-984f-a1efbc99eb9b,allowed,,0.7263960361480712,6ae5e4e1-571f-4892-b4fe-d8eec8eeb712,ready,https://res.cloudinary.com/daz3btopf/image/upload/v1783752721/copyright-registrations/two-poplars-in-the-alpilles-near-saint-r-my-0724afb2-9f84-4d60-984f-a1efbc99eb9b.jpg,10.03,
cma_152834,artworks_met/cma_0157_152834.jpg,Sideboard,registered,f084f518-046b-45ef-8974-8f7c5b83c67c,allowed,,0.6111374139785766,4de2c19f-f7ec-4041-9aa9-da1ae9e54e4a,ready,https://res.cloudinary.com/daz3btopf/image/upload/v1783752732/copyright-registrations/sideboard-f084f518-046b-45ef-8974-8f7c5b83c67c.jpg,10.83,
cma_130130,artworks_met/cma_0158_130130.jpg,Cup with Daoist Figures,registered,dff7bcf7-c7d1-4458-a810-0431910dc5c8,allowed,,0.5684928715229034,4e28e3b2-31f6-42d1-addd-d8b2cdcac8d2,ready,https://res.cloudinary.com/daz3btopf/image/upload/v1783752740/copyright-registrations/cup-with-daoist-figures-dff7bcf7-c7d1-4458-a810-0431910dc5c8.jpg,11.84,
cma_144743,artworks_met/cma_0159_144743.jpg,A Hare and a Leg of Lamb,registered,ff505b57-4a11-4e4c-84b9-dce660a95c67,allowed,,0.2600883960723877,94a97066-9739-42fb-826d-395915f7565d,ready,https://res.cloudinary.com/daz3btopf/image/upload/v1783752753/copyright-registrations/a-hare-and-a-leg-of-lamb-ff505b57-4a11-4e4c-84b9-dce660a95c67.jpg,10.03,
cma_153765,artworks_met/cma_0160_153765.jpg,Commemorative figure (lefem),registered,ad039a7c-3326-4c9a-a552-3eab8c8f7b86,allowed,,0.6121866643428802,f0e1293c-cfe2-46a0-978f-7c2a817b70cc,ready,https://res.cloudinary.com/daz3btopf/image/upload/v1783752763/copyright-registrations/commemorative-figure-lefem-ad039a7c-3326-4c9a-a552-3eab8c8f7b86.jpg,9.03,
cma_114974,artworks_met/cma_0161_114974.jpg,Buddha Calling on Earth to Witness,registered,87f07117-3c68-4914-a5ad-ac551f20f505,allowed,,0.7005842745304107,3a33baeb-e8e3-4405-a64f-d6adc21da0b4,ready,https://res.cloudinary.com/daz3btopf/image/upload/v1783752772/copyright-registrations/buddha-calling-on-earth-to-witness-87f07117-3c68-4914-a5ad-ac551f20f505.jpg,12.25,
cma_168322,artworks_met/cma_0162_168322.jpg,Icon of the Mother of God and Infant Christ (Virgin Eleousa),registered,66404da7-0011-43f0-9eaf-3b60ddc741bb,allowed,,0.4281018376350403,ec936d70-70c0-43cc-9a91-9bd546b33623,ready,https://res.cloudinary.com/daz3btopf/image/upload/v1783752784/copyright-registrations/icon-of-the-mother-of-god-and-infant-christ-virgin-eleousa-66404da7-0011-43f0-9eaf-3b60ddc741bb.jpg,9.51,
cma_129216,artworks_met/cma_0163_129216.jpg,Front Cover for a Gospel Book of French Cardinal Jean La Balou (1421-1491),registered,00c17d5f-9ed2-43bd-81e3-169f6c9affde,allowed,,0.7258818507194518,46c4b87d-ba6f-4df7-9d0f-cd80bb7ae5bd,ready,https://res.cloudinary.com/daz3btopf/image/upload/v1783752795/copyright-registrations/front-cover-for-a-gospel-book-of-french-cardinal-jean-la-balou-1421-1491-00c17d5f-9ed2-43bd-81e3-169f6c9affde.jpg,11.13,
cma_149101,artworks_met/cma_0164_149101.jpg,"Corner Railing Pillar with Drinking Scenes, Yakshis, and Musicians",registered,01ddb110-08b5-4ab6-9a74-e259c02ba055,allowed,,0.41845913529396056,81ab45c6-1f15-4911-b1ca-3fb94b394fab,ready,https://res.cloudinary.com/daz3btopf/image/upload/v1783752806/copyright-registrations/corner-railing-pillar-with-drinking-scenes-yakshis-and-musicians-01ddb110-08b5-4ab6-9a74-e259c02ba055.jpg,10.24,
cma_135336,artworks_met/cma_0165_135336.jpg,Berthe Morisot with a Muff,registered,fd1f2b01-2bd3-4ff2-bcdf-b57a1d7a9af4,allowed,,0.6929004728794097,5816a824-887d-4a6a-a017-6f8aa9da9f2b,ready,https://res.cloudinary.com/daz3btopf/image/upload/v1783752815/copyright-registrations/berthe-morisot-with-a-muff-fd1f2b01-2bd3-4ff2-bcdf-b57a1d7a9af4.jpg,9.03,
cma_112876,artworks_met/cma_0166_112876.jpg,Portable Altar of Countess Gertrude,registered,f65ee806-c3d8-47b8-8def-a6081c18a763,allowed,,0.28174839615821834,eb39aa93-ee3c-42d5-aa6e-b14f97ae2a1e,ready,https://res.cloudinary.com/daz3btopf/image/upload/v1783752825/copyright-registrations/portable-altar-of-countess-gertrude-f65ee806-c3d8-47b8-8def-a6081c18a763.jpg,10.22,
cma_141644,artworks_met/cma_0167_141644.jpg,Jonah Cast Up,registered,c5b2bff7-cb14-45e3-8d27-17cfe8274bc5,allowed,,0.5779450088739395,67a9218d-b8fd-417b-8e66-004e1ce438b2,ready,https://res.cloudinary.com/daz3btopf/image/upload/v1783752834/copyright-registrations/jonah-cast-up-c5b2bff7-cb14-45e3-8d27-17cfe8274bc5.jpg,12.24,
cma_122979,artworks_met/cma_0168_122979.jpg,Saluting Protective Spirit,registered,c9bbd5ed-2488-4aa3-98ba-7ba304f063d6,allowed,,0.5547505468130112,9f1ca0c8-841a-4e80-b594-66dc48bb9bcc,ready,https://res.cloudinary.com/daz3btopf/image/upload/v1783752848/copyright-registrations/saluting-protective-spirit-c9bbd5ed-2488-4aa3-98ba-7ba304f063d6.jpg,10.82,
cma_147084,artworks_met/cma_0169_147084.jpg,Virupa,registered,7ca10cf8-3ee8-4b7e-b190-415ff4656233,allowed,,0.5316702961921691,3eb40dba-6b6a-4317-a198-5217fd380fd8,ready,https://res.cloudinary.com/daz3btopf/image/upload/v1783752857/copyright-registrations/virupa-7ca10cf8-3ee8-4b7e-b190-415ff4656233.jpg,9.03,
cma_137298,artworks_met/cma_0170_137298.jpg,Prayer Niche (Mihrab),registered,dde0a210-85fd-4650-a585-cb617da81d2c,allowed,,0.5377606838941573,ac40419c-be9b-4733-82a7-70f571260bff,ready,https://res.cloudinary.com/daz3btopf/image/upload/v1783752869/copyright-registrations/prayer-niche-mihrab-dde0a210-85fd-4650-a585-cb617da81d2c.jpg,11.83,
cma_147480,artworks_met/cma_0171_147480.jpg,Ballgame Hip Protector (Yoke),registered,befa6c23-4946-4a26-9b9b-bd527cf85fbd,allowed,,0.6598096132278441,da605a01-2fdd-4062-87fd-478a3fbeeeef,ready,https://res.cloudinary.com/daz3btopf/image/upload/v1783752880/copyright-registrations/ballgame-hip-protector-yoke-befa6c23-4946-4a26-9b9b-bd527cf85fbd.jpg,11.63,
cma_147155,artworks_met/cma_0172_147155.jpg,Zaō Gongen,registered,a2e1657e-3ba7-40b8-a96e-95a8428661b8,allowed,,0.5132685482501983,ed67ba6e-3397-4028-bf99-8ca7135f8fd5,ready,https://res.cloudinary.com/daz3btopf/image/upload/v1783752889/copyright-registrations/za-gongen-a2e1657e-3ba7-40b8-a96e-95a8428661b8.jpg,11.83,
cma_136680,artworks_met/cma_0173_136680.jpg,Saint Jerome,registered,5d78f890-7729-47db-bef8-15fecfeca0d2,allowed,,0.6991410791873931,cb80ac9a-5bb0-4cbb-9f42-861f1311217c,ready,https://res.cloudinary.com/daz3btopf/image/upload/v1783752902/copyright-registrations/saint-jerome-5d78f890-7729-47db-bef8-15fecfeca0d2.jpg,9.43,
cma_135185,artworks_met/cma_0174_135185.jpg,Mount Sainte-Victoire,registered,16571b96-f66e-4c65-97d1-6ea4455818b2,allowed,,0.721076214313507,3e9e246a-2833-44f4-a1b5-373051ccdbd6,ready,https://res.cloudinary.com/daz3btopf/image/upload/v1783752911/copyright-registrations/mount-sainte-victoire-16571b96-f66e-4c65-97d1-6ea4455818b2.jpg,12.04,
cma_152017,artworks_met/cma_0175_152017.jpg,Fire-flame Cooking Vessel (Ka'en Doki),registered,27601f5c-b8fb-40ca-a0fe-8409711ad9dc,allowed,,0.42841317653656,048bdc52-6876-477c-a915-c17460cd5808,ready,https://res.cloudinary.com/daz3btopf/image/upload/v1783752923/copyright-registrations/fire-flame-cooking-vessel-ka-en-doki-27601f5c-b8fb-40ca-a0fe-8409711ad9dc.jpg,9.03,
cma_121188,artworks_met/cma_0176_121188.jpg,Romaine Lacaux,registered,8836fa6a-8d95-4e4f-9c1b-a50b0064091b,allowed,,0.44597303271293637,11b4e554-4f95-4ce5-b280-f97f662fe7a4,ready,https://res.cloudinary.com/daz3btopf/image/upload/v1783752932/copyright-registrations/romaine-lacaux-8836fa6a-8d95-4e4f-9c1b-a50b0064091b.jpg,11.84,
cma_123168,artworks_met/cma_0177_123168.jpg,The Call,registered,dbd11828-f60e-42db-894b-a8053fb952a0,allowed,,0.4118379473686218,d121ea00-29ae-4bf2-b1f9-6bd651b4af23,ready,https://res.cloudinary.com/daz3btopf/image/upload/v1783752944/copyright-registrations/the-call-dbd11828-f60e-42db-894b-a8053fb952a0.jpg,9.23,
cma_141935,artworks_met/cma_0178_141935.jpg,Samuel Williams,registered,00138971-41b3-41b2-974c-b870b830058c,allowed,,0.3655927717685699,81fe1c21-e3e5-4913-b351-b4af47e3c3dd,ready,https://res.cloudinary.com/daz3btopf/image/upload/v1783752954/copyright-registrations/samuel-williams-00138971-41b3-41b2-974c-b870b830058c.jpg,10.63,
cma_136217,artworks_met/cma_0179_136217.jpg,Christ and the Virgin in the House at Nazareth,registered,dd8629c1-34c7-4d65-b1d6-81dfcfe5c35b,allowed,,0.4234749794006347,b8563665-49b3-4b51-a1bd-d8d6f8f71233,ready,https://res.cloudinary.com/daz3btopf/image/upload/v1783752963/copyright-registrations/christ-and-the-virgin-in-the-house-at-nazareth-dd8629c1-34c7-4d65-b1d6-81dfcfe5c35b.jpg,12.04,
cma_135420,artworks_met/cma_0180_135420.jpg,Morning Glory with Black,registered,9e4aac70-e08a-4d17-ab26-caf4437389a4,allowed,,0.25608551502227783,9777631f-40c1-490b-a9ab-88b4b58ed84a,ready,https://res.cloudinary.com/daz3btopf/image/upload/v1783752975/copyright-registrations/morning-glory-with-black-9e4aac70-e08a-4d17-ab26-caf4437389a4.jpg,11.84,
cma_130939,artworks_met/cma_0181_130939.jpg,Amulet in the Form of a Seated Figure with Bovine Head,registered,201ade60-bc15-4946-8cf0-322706322272,allowed,,0.6384443819522858,f9a383c2-1fc6-4e02-ae0c-e6821d305bb6,ready,https://res.cloudinary.com/daz3btopf/image/upload/v1783752987/copyright-registrations/amulet-in-the-form-of-a-seated-figure-with-bovine-head-201ade60-bc15-4946-8cf0-322706322272.jpg,9.02,
cma_144495,artworks_met/cma_0182_144495.jpg,Buffalo Mask,registered,0e2e8a4b-7458-4e46-afb7-f60e381e8201,allowed,,0.36270881891250606,c6a27a14-efca-4f90-80d7-7783ee7b480d,ready,https://res.cloudinary.com/daz3btopf/image/upload/v1783752997/copyright-registrations/buffalo-mask-0e2e8a4b-7458-4e46-afb7-f60e381e8201.jpg,12.03,
cma_161427,artworks_met/cma_0183_161427.jpg,Tomb Guardian with Animal Head,registered,fd3d5c76-4da9-4047-be62-458aab7d3df8,allowed,,0.5947359502315521,6094d143-2d17-41d5-956b-78a8dbc3bb8c,ready,https://res.cloudinary.com/daz3btopf/image/upload/v1783753008/copyright-registrations/tomb-guardian-with-animal-head-fd3d5c76-4da9-4047-be62-458aab7d3df8.jpg,11.83,
cma_144961,artworks_met/cma_0184_144961.jpg,Green Tara,registered,0cee507b-d78b-466d-bd1a-492f72ea9063,allowed,,0.6537382841110229,56f1928d-a133-4f29-9277-3d46ca8f88b3,ready,https://res.cloudinary.com/daz3btopf/image/upload/v1783753023/copyright-registrations/green-tara-0cee507b-d78b-466d-bd1a-492f72ea9063.jpg,11.23,
cma_114684,artworks_met/cma_0185_114684.jpg,Virgin and Child,registered,7889a236-025d-42b3-89ab-16ca004745f2,allowed,,0.6908897697925567,f668e091-53f3-4120-97a7-8a30ff03f422,ready,https://res.cloudinary.com/daz3btopf/image/upload/v1783753033/copyright-registrations/virgin-and-child-7889a236-025d-42b3-89ab-16ca004745f2.jpg,10.82,
cma_147519,artworks_met/cma_0186_147519.jpg,Ballgame Palma,registered,b217d9cb-c871-4fb9-99f2-f8367f87aa11,allowed,,0.35742607116699215,0bb37501-cdbc-4778-b37e-c42cf2ee71ea,ready,https://res.cloudinary.com/daz3btopf/image/upload/v1783753042/copyright-registrations/ballgame-palma-b217d9cb-c871-4fb9-99f2-f8367f87aa11.jpg,11.85,
cma_119326,artworks_met/cma_0187_119326.jpg,Teapot,registered,d9dd1714-3779-467d-a494-0a9a73ab7891,allowed,,0.592381739616394,5a04d0de-611f-441f-a0e9-b003937977c2,ready,https://res.cloudinary.com/daz3btopf/image/upload/v1783753056/copyright-registrations/teapot-d9dd1714-3779-467d-a494-0a9a73ab7891.jpg,10.83,
cma_144280,artworks_met/cma_0188_144280.jpg,Apis Bull,registered,08751003-6046-43bb-ab89-0a0683db8d90,allowed,,0.3823872983455658,a7b5ddca-611e-4707-8984-781224311732,ready,https://res.cloudinary.com/daz3btopf/image/upload/v1783753065/copyright-registrations/apis-bull-08751003-6046-43bb-ab89-0a0683db8d90.jpg,9.23,
cma_142298,artworks_met/cma_0189_142298.jpg,Antiochus and Stratonice,registered,5a2efd45-fe3a-4ed8-b91c-164272b85302,allowed,,0.6680897533893585,df9c31cd-c9fb-4ed1-b33c-113b81726ce3,ready,https://res.cloudinary.com/daz3btopf/image/upload/v1783753075/copyright-registrations/antiochus-and-stratonice-5a2efd45-fe3a-4ed8-b91c-164272b85302.jpg,12.23,
cma_129300,artworks_met/cma_0190_129300.jpg,George III,registered,50544555-430f-4730-aedd-2b0da2d9fc9c,allowed,,0.6450392961502075,d757812d-488c-4a69-9437-2c0a27cd2aea,ready,https://res.cloudinary.com/daz3btopf/image/upload/v1783753086/copyright-registrations/george-iii-50544555-430f-4730-aedd-2b0da2d9fc9c.jpg,11.94,
cma_93992,artworks_met/cma_0191_93992.jpg,Stele with Sakyamuni and Bodhisattvas,registered,1a027f6f-d485-4599-89a7-a2573fc7b4a7,allowed,,0.7400291323661804,003473d0-ff57-48b7-b12d-22dc69fc0ff1,ready,https://res.cloudinary.com/daz3btopf/image/upload/v1783753099/copyright-registrations/stele-with-sakyamuni-and-bodhisattvas-1a027f6f-d485-4599-89a7-a2573fc7b4a7.jpg,10.04,
cma_145473,artworks_met/cma_0192_145473.jpg,The Kiss of Peace and Justice,registered,3aaa4fae-0c29-4e65-acef-03043391c01b,allowed,,0.3210307538509369,efb19f78-e2f6-4434-a220-96932f8cb135,ready,https://res.cloudinary.com/daz3btopf/image/upload/v1783753112/copyright-registrations/the-kiss-of-peace-and-justice-3aaa4fae-0c29-4e65-acef-03043391c01b.jpg,9.04,
cma_130360,artworks_met/cma_0193_130360.jpg,Torso of a Kouros,registered,ef0a2a1f-6c12-4f58-9e1b-e42c26b4b670,allowed,,0.4341377317905426,68b19f7d-a62c-42d0-a77c-61d19467bc2c,ready,https://res.cloudinary.com/daz3btopf/image/upload/v1783753117/copyright-registrations/torso-of-a-kouros-ef0a2a1f-6c12-4f58-9e1b-e42c26b4b670.jpg,12.23,
cma_165154,artworks_met/cma_0194_165154.jpg,Brahma-Shiva,registered,c6b03647-7f5c-4c8d-b03a-9989e23fd6bd,allowed,,0.5149219155311584,14986a3e-5dac-4fdc-98b1-fc3c69221623,ready,https://res.cloudinary.com/daz3btopf/image/upload/v1783753130/copyright-registrations/brahma-shiva-c6b03647-7f5c-4c8d-b03a-9989e23fd6bd.jpg,9.22,
cma_125101,artworks_met/cma_0195_125101.jpg,Figural Pendant,registered,87c4112e-5a93-4bc8-ad55-2b2317df3d37,allowed,,0.7349891602993011,a53c4b4e-4216-4474-ad41-f6fa7f33fb3c,ready,https://res.cloudinary.com/daz3btopf/image/upload/v1783753139/copyright-registrations/figural-pendant-87c4112e-5a93-4bc8-ad55-2b2317df3d37.jpg,12.24,
cma_93984,artworks_met/cma_0196_93984.jpg,Coffin of Bakenmut,registered,b8c67cac-c337-40d7-b769-ce4e4564b03a,allowed,,0.3637860298156738,bc6b35f8-20e9-43d3-a13e-f29f51505eed,ready,https://res.cloudinary.com/daz3btopf/image/upload/v1783753152/copyright-registrations/coffin-of-bakenmut-b8c67cac-c337-40d7-b769-ce4e4564b03a.jpg,10.23,
cma_149105,artworks_met/cma_0197_149105.jpg,Scenes of Witchcraft: Morning,registered,ee20d5fe-07cf-4f9e-9ed9-c75b1188265c,allowed,,0.3383552700281143,aa54bb0e-efff-4a2c-819a-6783076dbd2d,ready,https://res.cloudinary.com/daz3btopf/image/upload/v1783753162/copyright-registrations/scenes-of-witchcraft-morning-ee20d5fe-07cf-4f9e-9ed9-c75b1188265c.jpg,9.83,
cma_149107,artworks_met/cma_0198_149107.jpg,Scenes of Witchcraft: Evening,registered,8e3b01bb-7016-4cba-af54-37dc70eeb5a6,allowed,,0.7814821422100067,eb61728f-bb89-4311-a208-5f0f0afa09c2,ready,https://res.cloudinary.com/daz3btopf/image/upload/v1783753171/copyright-registrations/scenes-of-witchcraft-evening-8e3b01bb-7016-4cba-af54-37dc70eeb5a6.jpg,9.23,
cma_102549,artworks_met/cma_0199_102549.jpg,Virgin and Child Enthroned with Saints Francis and Giovanni Gualberto,registered,ead1c7b3-c1aa-4f5e-ba78-da22e038edd3,allowed,,0.3937634766101837,1cd8a9ac-3f4b-4d82-baa5-c5934a46da8c,ready,https://res.cloudinary.com/daz3btopf/image/upload/v1783753180/copyright-registrations/virgin-and-child-enthroned-with-saints-francis-and-giovanni-gualberto-ead1c7b3-c1aa-4f5e-ba78-da22e038edd3.jpg,11.83,
cma_108541,artworks_met/cma_0200_108541.jpg,The Holy Family with Mary Magdalen,registered,af93c557-61c9-49b2-970c-b51906bcb966,allowed,,0.559040766954422,f7a76657-a5e3-42f8-bb65-a9c1800038d1,ready,https://res.cloudinary.com/daz3btopf/image/upload/v1783753195/copyright-registrations/the-holy-family-with-mary-magdalen-af93c557-61c9-49b2-970c-b51906bcb966.jpg,11.42,
met_39614,artworks_met/met_0001_39614.jpg,Painting table,registered,870735b4-8503-408f-8d02-dc665c7a5b66,allowed,,0.23451160490512846,06c9e05f-66d3-4c31-8920-7922f1962557,ready,https://res.cloudinary.com/daz3btopf/image/upload/v1783753204/copyright-registrations/painting-table-870735b4-8503-408f-8d02-dc665c7a5b66.jpg,9.64,
met_49068,artworks_met/met_0002_49068.jpg,Bamboo in Snow,registered,f640d8e7-e176-4bc5-b835-ec109501e1b5,allowed,,0.3351813822984695,59941d61-962d-4df0-8120-04a87c6ea1f2,ready,https://res.cloudinary.com/daz3btopf/image/upload/v1783753214/copyright-registrations/bamboo-in-snow-f640d8e7-e176-4bc5-b835-ec109501e1b5.jpg,12.24,
met_51776,artworks_met/met_0003_51776.jpg,Painting,registered,4bd16267-5ec2-4d89-aea4-e94757a9928c,allowed,,0.7682385325431823,8c4d9a54-2a5e-4003-bbb3-fd91c17627dc,ready,https://res.cloudinary.com/daz3btopf/image/upload/v1783753225/copyright-registrations/painting-4bd16267-5ec2-4d89-aea4-e94757a9928c.jpg,9.83,
met_51867,artworks_met/met_0004_51867.jpg,Painting,registered,d1e55feb-43fd-4c99-80d7-8308ec4b7446,allowed,,0.4357231318950653,3fef6c19-2fab-42cd-93fc-9faae6e51fca,ready,https://res.cloudinary.com/daz3btopf/image/upload/v1783753235/copyright-registrations/painting-d1e55feb-43fd-4c99-80d7-8308ec4b7446.jpg,9.83,
met_51868,artworks_met/met_0005_51868.jpg,Painting,registered,dbe958fb-f8c5-4d5c-95d1-647e10a8e444,allowed,,0.8415671944618224,994d6f49-1831-4281-983e-3ba31ad66362,ready,https://res.cloudinary.com/daz3btopf/image/upload/v1783753245/copyright-registrations/painting-dbe958fb-f8c5-4d5c-95d1-647e10a8e444.jpg,11.83,
met_53750,artworks_met/met_0006_53750.jpg,Painting,registered,7fe35026-84eb-4109-a15b-09027a0a5b1e,allowed,,0.33712591528892516,4848c142-516a-4481-af05-5dbe18d324dc,ready,https://res.cloudinary.com/daz3btopf/image/upload/v1783753257/copyright-registrations/painting-7fe35026-84eb-4109-a15b-09027a0a5b1e.jpg,9.43,
met_57329,artworks_met/met_0007_57329.jpg,Painting,registered,83400682-5fef-481a-8ec9-f33954720227,allowed,,0.7637090563774108,8e2dfbbe-06f0-424c-bd31-f4e09bc704d5,ready,https://res.cloudinary.com/daz3btopf/image/upload/v1783753266/copyright-registrations/painting-83400682-5fef-481a-8ec9-f33954720227.jpg,11.83,
met_78057,artworks_met/met_0008_78057.jpg,"Zen Master with Meditation Staff, and Chinese-Style Landscapes",registered,c42af8b0-88de-4152-9c42-bc270d2dbd9e,allowed,,0.6390628695487975,5ae9b2f0-39c2-4ee9-92f0-d06fc00b6307,ready,https://res.cloudinary.com/daz3btopf/image/upload/v1783753278/copyright-registrations/zen-master-with-meditation-staff-and-chinese-style-landscapes-c42af8b0-88de-4152-9c42-bc270d2dbd9e.jpg,9.23,
met_199313,artworks_met/met_0009_199313.jpg,Portrait of Napoleon I,registered,639882db-d759-493a-93ba-066b71d2e33c,allowed,,0.6082208395004273,e7de8aff-409a-4ffc-a01a-46a85d767798,ready,https://res.cloudinary.com/daz3btopf/image/upload/v1783753288/copyright-registrations/portrait-of-napoleon-i-639882db-d759-493a-93ba-066b71d2e33c.jpg,12.04,
met_245840,artworks_met/met_0010_245840.jpg,Wall painting fragment,registered,443cae7c-952c-41f2-8cd7-218166d01648,allowed,,0.5178601622581482,f8305848-88e2-46f4-a7bb-0f2fb04cf199,ready,https://res.cloudinary.com/daz3btopf/image/upload/v1783753299/copyright-registrations/wall-painting-fragment-443cae7c-952c-41f2-8cd7-218166d01648.jpg,11.83,
met_245845,artworks_met/met_0011_245845.jpg,Wall painting fragment,registered,7bcaa53b-0c66-4779-be1a-722b913e6afd,allowed,,0.5942930757999421,3bd79e48-8667-462a-92e5-81b6d1889742,ready,https://res.cloudinary.com/daz3btopf/image/upload/v1783753311/copyright-registrations/wall-painting-fragment-7bcaa53b-0c66-4779-be1a-722b913e6afd.jpg,11.83,
met_245846,artworks_met/met_0012_245846.jpg,Wall painting fragment,registered,9848def5-da9f-483d-8189-2b6eb27e4955,allowed,,0.7524096012115478,efbf895b-0f54-403b-8b1c-b5590567bb5d,ready,https://res.cloudinary.com/daz3btopf/image/upload/v1783753324/copyright-registrations/wall-painting-fragment-9848def5-da9f-483d-8189-2b6eb27e4955.jpg,9.23,
met_245847,artworks_met/met_0013_245847.jpg,Wall painting fragment,registered,e503d5b0-eebd-4070-b25b-9439c9609c4d,allowed,,0.6896912574768066,9a99de47-6f5b-4989-8de8-0989f08097ab,ready,https://res.cloudinary.com/daz3btopf/image/upload/v1783753332/copyright-registrations/wall-painting-fragment-e503d5b0-eebd-4070-b25b-9439c9609c4d.jpg,11.84,
met_248130,artworks_met/met_0014_248130.jpg,Wall painting,registered,351ce7b4-85e5-4b41-9f51-d97e41395f3a,allowed,,0.2939170658588409,5a7d3be4-1319-4422-93b2-f52caeaf7ae4,ready,https://res.cloudinary.com/daz3btopf/image/upload/v1783753344/copyright-registrations/wall-painting-351ce7b4-85e5-4b41-9f51-d97e41395f3a.jpg,11.84,
met_250939,artworks_met/met_0015_250939.jpg,"Wall painting on black ground: landscape, from the imperial villa at Boscotrecase",registered,59abdb01-dee6-41c4-bc47-c23aa3d1135d,allowed,,0.4013579428195953,a4f1df17-cf00-4fc4-a5ab-7384e4a1a929,ready,https://res.cloudinary.com/daz3btopf/image/upload/v1783753356/copyright-registrations/wall-painting-on-black-ground-landscape-from-the-imperial-villa-at-boscotrecase-59abdb01-dee6-41c4-bc47-c23aa3d1135d.jpg,9.02,
met_252979,artworks_met/met_0016_252979.jpg,Wall painting fragment,registered,2e8619ae-1ac0-469a-a963-bf0a25cfcec7,allowed,,0.6984292924404143,507cb290-9529-4df4-8f11-677ed2bb70aa,ready,https://res.cloudinary.com/daz3btopf/image/upload/v1783753365/copyright-registrations/wall-painting-fragment-2e8619ae-1ac0-469a-a963-bf0a25cfcec7.jpg,12.04,
met_253324,artworks_met/met_0017_253324.jpg,Wall painting fragment,registered,d6257fe9-b432-4820-b1c1-412efadbd998,allowed,,0.7266362369060516,cb59a8e9-5688-41a2-9e41-fa09e2db38da,ready,https://res.cloudinary.com/daz3btopf/image/upload/v1783753377/copyright-registrations/wall-painting-fragment-d6257fe9-b432-4820-b1c1-412efadbd998.jpg,9.03,
met_253326,artworks_met/met_0018_253326.jpg,Wall painting fragment,registered,9c84f65b-02f1-4f97-a31a-41a8a76cb215,allowed,,0.633798485994339,a773112b-7504-4a0b-9e0f-ad462851ec56,ready,https://res.cloudinary.com/daz3btopf/image/upload/v1783753386/copyright-registrations/wall-painting-fragment-9c84f65b-02f1-4f97-a31a-41a8a76cb215.jpg,11.82,
met_253329,artworks_met/met_0019_253329.jpg,Wall painting fragment,registered,3bf7eac4-9931-4e0b-abec-711ad236b9db,allowed,,0.6851405560970306,ee7b4452-d8ce-4407-99d7-f62aca9e7759,ready,https://res.cloudinary.com/daz3btopf/image/upload/v1783753398/copyright-registrations/wall-painting-fragment-3bf7eac4-9931-4e0b-abec-711ad236b9db.jpg,11.84,
met_253330,artworks_met/met_0020_253330.jpg,Wall painting fragment,registered,9608d438-1317-46fc-b632-c1b07ea7dc52,allowed,,0.84228698015213,c2c8535e-f1d2-4db0-92c5-12028a5ec98c,ready,https://res.cloudinary.com/daz3btopf/image/upload/v1783753410/copyright-registrations/wall-painting-fragment-9608d438-1317-46fc-b632-c1b07ea7dc52.jpg,11.83,
met_253331,artworks_met/met_0021_253331.jpg,Wall painting fragment,registered,d2bcfc52-9516-46c2-ad02-e4ce52a28a3e,allowed,,0.7810803532600403,fb15ae26-6074-4a33-a22d-826bc1316429,ready,https://res.cloudinary.com/daz3btopf/image/upload/v1783753422/copyright-registrations/wall-painting-fragment-d2bcfc52-9516-46c2-ad02-e4ce52a28a3e.jpg,11.63,
met_253333,artworks_met/met_0022_253333.jpg,Wall painting fragment,registered,271d0bae-1b68-47c3-9eef-1889b0c01778,allowed,,0.7168639242649077,dca5825e-9bdc-44de-9772-b4a325238afe,ready,https://res.cloudinary.com/daz3btopf/image/upload/v1783753433/copyright-registrations/wall-painting-fragment-271d0bae-1b68-47c3-9eef-1889b0c01778.jpg,11.84,
met_253334,artworks_met/met_0023_253334.jpg,Wall painting fragment,registered,c7f0333a-ccb3-48d6-a080-6a9159fb2f51,allowed,,0.7322176873683929,dbc4882b-4cde-477c-9f3c-e8a36a7d5fd9,ready,https://res.cloudinary.com/daz3btopf/image/upload/v1783753445/copyright-registrations/wall-painting-fragment-c7f0333a-ccb3-48d6-a080-6a9159fb2f51.jpg,11.83,
met_253335,artworks_met/met_0024_253335.jpg,Wall painting fragment,registered,aeefb6cd-08ef-4ac4-953a-35454f1dfe27,allowed,,0.773285734653473,decb7d4c-b41c-4b0f-a235-e8a6a6db27ef,ready,https://res.cloudinary.com/daz3btopf/image/upload/v1783753457/copyright-registrations/wall-painting-fragment-aeefb6cd-08ef-4ac4-953a-35454f1dfe27.jpg,11.83,
met_253337,artworks_met/met_0025_253337.jpg,Wall painting fragment,registered,7059c6d8-58ae-4c21-8102-51d79346bda8,allowed,,0.7421128451824188,ae4f90f7-3fd2-445e-b2c4-bae245d658d3,ready,https://res.cloudinary.com/daz3btopf/image/upload/v1783753469/copyright-registrations/wall-painting-fragment-7059c6d8-58ae-4c21-8102-51d79346bda8.jpg,11.84,
met_253338,artworks_met/met_0026_253338.jpg,Wall painting fragment,registered,68546c56-7cf3-422c-b17a-840a155eb692,allowed,,0.7813947975635529,29602c57-0e04-4057-8964-f8a674bba2ed,ready,https://res.cloudinary.com/daz3btopf/image/upload/v1783753481/copyright-registrations/wall-painting-fragment-68546c56-7cf3-422c-b17a-840a155eb692.jpg,11.84,
met_254440,artworks_met/met_0027_254440.jpg,Wall painting fragment,registered,b8a77b1d-868d-4961-b553-effea99b3b70,allowed,,0.7544621467590331,063a03d8-5c51-4507-bb9d-01ac7c77fe6e,ready,https://res.cloudinary.com/daz3btopf/image/upload/v1783753492/copyright-registrations/wall-painting-fragment-b8a77b1d-868d-4961-b553-effea99b3b70.jpg,11.34,
met_256186,artworks_met/met_0028_256186.jpg,Wall painting,registered,09de7b2a-8cb0-44cf-a967-e16a14051b0f,allowed,,0.6379259943962097,bf97572a-ff3e-4bd8-8310-fa78ce2916e3,ready,https://res.cloudinary.com/daz3btopf/image/upload/v1783753504/copyright-registrations/wall-painting-09de7b2a-8cb0-44cf-a967-e16a14051b0f.jpg,11.93,
met_351287,artworks_met/met_0029_351287.jpg,Painting,registered,011e185e-115c-4780-91b3-09a9ba327091,allowed,,0.35278811454772946,50150788-0f1a-4887-a77b-b04d03e49868,ready,https://res.cloudinary.com/daz3btopf/image/upload/v1783753516/copyright-registrations/painting-011e185e-115c-4780-91b3-09a9ba327091.jpg,9.02,
met_394633,artworks_met/met_0030_394633.jpg,Painting,registered,0c6d9fe8-fd72-4d7f-afcf-7b2d8e5f7974,allowed,,0.35559784173965453,98affaa0-e443-406a-85d7-58058055cf9c,ready,https://res.cloudinary.com/daz3btopf/image/upload/v1783753525/copyright-registrations/painting-0c6d9fe8-fd72-4d7f-afcf-7b2d8e5f7974.jpg,12.24,
met_394741,artworks_met/met_0031_394741.jpg,Painting,registered,5940ad37-245f-42a2-b448-1c7cfbcf00d8,allowed,,0.6560231566429138,df08e5b4-feb3-446a-83dc-85edb5dbb2be,ready,https://res.cloudinary.com/daz3btopf/image/upload/v1783753537/copyright-registrations/painting-5940ad37-245f-42a2-b448-1c7cfbcf00d8.jpg,9.23,
met_435641,artworks_met/met_0032_435641.jpg,Madonna and Child,registered,1bfa96e1-8832-4e47-ae2f-b37ef0afe492,allowed,,0.7065247356891632,27a4b236-c321-4bb9-a929-089094e5f721,ready,https://res.cloudinary.com/daz3btopf/image/upload/v1783753547/copyright-registrations/madonna-and-child-1bfa96e1-8832-4e47-ae2f-b37ef0afe492.jpg,12.23,
met_435658,artworks_met/met_0033_435658.jpg,Madonna and Child,registered,b5606d46-cfbc-40ca-9791-234e73f4a91b,allowed,,0.7472272634506225,27c6a89f-b2a8-4db6-9aa0-1ba1bbcab2b1,ready,https://res.cloudinary.com/daz3btopf/image/upload/v1783753559/copyright-registrations/madonna-and-child-b5606d46-cfbc-40ca-9791-234e73f4a91b.jpg,9.03,
met_435744,artworks_met/met_0034_435744.jpg,Virgin and Child with the Young Saint John the Baptist and Angels,registered,9dc3abcb-b6cb-4e61-8289-02f1b4d145a8,allowed,,0.4609145879745483,1115f201-d1af-4bcf-9b6a-abe421818f4a,ready,https://res.cloudinary.com/daz3btopf/image/upload/v1783753567/copyright-registrations/virgin-and-child-with-the-young-saint-john-the-baptist-and-angels-9dc3abcb-b6cb-4e61-8289-02f1b4d145a8.jpg,12.02,
met_435810,artworks_met/met_0035_435810.jpg,A Woodland Road with Travelers,registered,390a5f64-ec0f-40bd-95e5-a5a95cc557ae,allowed,,0.3170909523963928,416b4674-2e5c-4887-9f3d-d6dc14200198,ready,https://res.cloudinary.com/daz3btopf/image/upload/v1783753579/copyright-registrations/a-woodland-road-with-travelers-390a5f64-ec0f-40bd-95e5-a5a95cc557ae.jpg,11.64,
met_435992,artworks_met/met_0036_435992.jpg,"Saints Peter, Martha, Mary Magdalen, and Leonard",registered,b27d428b-5917-4f10-863a-04559cb42348,allowed,,0.43847953677177426,a68a9262-c150-42c7-a5f7-8e6268a963fc,ready,https://res.cloudinary.com/daz3btopf/image/upload/v1783753591/copyright-registrations/saints-peter-martha-mary-magdalen-and-leonard-b27d428b-5917-4f10-863a-04559cb42348.jpg,11.63,
met_436122,artworks_met/met_0037_436122.jpg,The Collector of Prints,registered,5343d46d-8805-496d-b7c1-beec035639c5,allowed,,0.6097715437412262,10f12b48-a5dc-4e8c-a833-90b1ca4e6b5d,ready,https://res.cloudinary.com/daz3btopf/image/upload/v1783753603/copyright-registrations/the-collector-of-prints-5343d46d-8805-496d-b7c1-beec035639c5.jpg,11.63,
met_436258,artworks_met/met_0038_436258.jpg,Self-Portrait,registered,76662e62-944d-4c33-9767-15305ac897ef,allowed,,0.45273770689964293,3a6c66b1-4976-4a70-a31e-e1aecca5da93,ready,https://res.cloudinary.com/daz3btopf/image/upload/v1783753614/copyright-registrations/self-portrait-76662e62-944d-4c33-9767-15305ac897ef.jpg,11.64,
met_436262,artworks_met/met_0039_436262.jpg,Virgin and Child with Saint Catherine of Alexandria,registered,e37770ae-3ed3-459f-a4a4-24c9953feb18,allowed,,0.4090525448322296,c08476d3-ec07-40e3-956e-3fb90648532b,ready,https://res.cloudinary.com/daz3btopf/image/upload/v1783753626/copyright-registrations/virgin-and-child-with-saint-catherine-of-alexandria-e37770ae-3ed3-459f-a4a4-24c9953feb18.jpg,11.82,
met_436541,artworks_met/met_0040_436541.jpg,Sebastián Martínez y Pérez (1747–1800),registered,f59e792f-9fc4-4151-98bc-61aa90e55b95,allowed,,0.6219509720802308,415edca9-ca6c-4231-805b-0aa6514389a0,ready,https://res.cloudinary.com/daz3btopf/image/upload/v1783753638/copyright-registrations/sebasti-n-mart-nez-y-p-rez-1747-1800-f59e792f-9fc4-4151-98bc-61aa90e55b95.jpg,9.23,
met_436572,artworks_met/met_0041_436572.jpg,Christ Healing the Blind,registered,252b3a4b-8598-45ce-9f74-2abf1f3bd202,allowed,,0.39715344905853267,439ae1fa-1ac7-4cb2-aa47-6c6e91b850cb,ready,https://res.cloudinary.com/daz3btopf/image/upload/v1783753647/copyright-registrations/christ-healing-the-blind-252b3a4b-8598-45ce-9f74-2abf1f3bd202.jpg,12.44,
met_436576,artworks_met/met_0042_436576.jpg,The Vision of Saint John,registered,0f76e0fd-2f6d-49b1-a090-cc79f1f4bb20,allowed,,0.6692844033241272,88408111-a065-4216-9a9a-7363a62195bd,ready,https://res.cloudinary.com/daz3btopf/image/upload/v1783753660/copyright-registrations/the-vision-of-saint-john-0f76e0fd-2f6d-49b1-a090-cc79f1f4bb20.jpg,9.23,
met_436580,artworks_met/met_0043_436580.jpg,Aegina Visited by Jupiter,registered,e8bf7225-3259-4cb1-aa71-29f901856169,allowed,,0.6921272575855255,d97a62f0-200b-4fcb-9703-3d4c2e4dce3c,ready,https://res.cloudinary.com/daz3btopf/image/upload/v1783753669/copyright-registrations/aegina-visited-by-jupiter-e8bf7225-3259-4cb1-aa71-29f901856169.jpg,11.83,
met_436906,artworks_met/met_0044_436906.jpg,The Temptation,registered,51a5bf9a-c521-4525-ad5a-684dc9fc80d7,allowed,,0.647405481338501,b2aabe03-c905-430f-8ccd-1bbb928f9ece,ready,https://res.cloudinary.com/daz3btopf/image/upload/v1783753680/copyright-registrations/the-temptation-51a5bf9a-c521-4525-ad5a-684dc9fc80d7.jpg,11.63,
met_446568,artworks_met/met_0045_446568.jpg,Man with Prayer Beads,registered,c42754d8-0cce-4731-b5c3-d3dbc969c6fa,allowed,,0.7376301825046538,d2d7ef43-6940-4fd7-95fb-7ceba2e5881d,ready,https://res.cloudinary.com/daz3btopf/image/upload/v1783753692/copyright-registrations/man-with-prayer-beads-c42754d8-0cce-4731-b5c3-d3dbc969c6fa.jpg,11.94,
met_448461,artworks_met/met_0046_448461.jpg,"""Two Old Men in Discussion Outside a Hut"", Folio from the Davis Album",registered,3d76b5e6-e12a-4bc1-824c-0b2312605b38,allowed,,0.7260692954063415,179c7285-d320-406e-8401-70fee057e69e,ready,https://res.cloudinary.com/daz3btopf/image/upload/v1783753705/copyright-registrations/two-old-men-in-discussion-outside-a-hut-folio-from-the-davis-album-3d76b5e6-e12a-4bc1-824c-0b2312605b38.jpg,9.43,
met_448463,artworks_met/met_0047_448463.jpg,"""Portrait of the Russian Ambassador, Prince Andrey Priklonskiy"", Folio from the Davis Album",registered,d29b7050-0c22-4848-b9e4-8d72ca2bb491,allowed,,0.8627097368240355,b607c3b9-46a2-42f1-8282-95896b993d3b,ready,https://res.cloudinary.com/daz3btopf/image/upload/v1783753714/copyright-registrations/portrait-of-the-russian-ambassador-prince-andrey-priklonskiy-folio-from-the-davis-album-d29b7050-0c22-4848-b9e4-8d72ca2bb491.jpg,12.03,
met_449863,artworks_met/met_0048_449863.jpg,Wall Painting,registered,8e44611c-313e-4f05-a883-30b5431f1449,allowed,,0.40657034516334534,7614c777-33df-499e-a2fa-b3f98b2dae13,ready,https://res.cloudinary.com/daz3btopf/image/upload/v1783753726/copyright-registrations/wall-painting-8e44611c-313e-4f05-a883-30b5431f1449.jpg,9.22,
met_451023,artworks_met/met_0049_451023.jpg,The Lovers,registered,8f394774-b9c2-4cb0-be18-89bb2325adc3,allowed,,0.6835441410541534,d63b60bd-9eb4-45d7-bd5f-8d6252f997ba,ready,https://res.cloudinary.com/daz3btopf/image/upload/v1783753735/copyright-registrations/the-lovers-8f394774-b9c2-4cb0-be18-89bb2325adc3.jpg,12.03,
met_451259,artworks_met/met_0050_451259.jpg,"""Dervish With a Lion"", Folio from the Shah Jahan Album",registered,f7673009-8121-4c3a-90cd-522899540564,allowed,,0.8618627667427063,dabce67a-4cff-414c-9485-1186091013e7,ready,https://res.cloudinary.com/daz3btopf/image/upload/v1783753747/copyright-registrations/dervish-with-a-lion-folio-from-the-shah-jahan-album-f7673009-8121-4c3a-90cd-522899540564.jpg,8.82,
met_451260,artworks_met/met_0051_451260.jpg,"""Red-Headed Vulture and Long-Billed Vulture"", Folio from the Shah Jahan Album",registered,69f28b9f-a051-4975-9629-800b75c67f91,allowed,,0.7274499654769897,19868f60-84ac-4ec9-afae-9f46a2be5415,ready,https://res.cloudinary.com/daz3btopf/image/upload/v1783753756/copyright-registrations/red-headed-vulture-and-long-billed-vulture-folio-from-the-shah-jahan-album-69f28b9f-a051-4975-9629-800b75c67f91.jpg,12.43,
met_451268,artworks_met/met_0052_451268.jpg,"""Akbar With Lion and Calf"", Folio from the Shah Jahan Album",registered,488d67de-d30d-4d50-ab0c-cc5ffef4fe07,allowed,,0.7688198506832122,b0314b76-b2c2-47ba-9764-b90df676dc4b,ready,https://res.cloudinary.com/daz3btopf/image/upload/v1783753768/copyright-registrations/akbar-with-lion-and-calf-folio-from-the-shah-jahan-album-488d67de-d30d-4d50-ab0c-cc5ffef4fe07.jpg,11.84,
met_451725,artworks_met/met_0053_451725.jpg,"""The Concourse of the Birds"", Folio 11r from a Mantiq al-Tayr (Language of the Birds)",registered,562792bd-ab78-4b88-8745-96640799939a,allowed,,0.7660972535610198,099d50ed-de83-40a5-9261-8d5295ea0aa7,ready,https://res.cloudinary.com/daz3btopf/image/upload/v1783753780/copyright-registrations/the-concourse-of-the-birds-folio-11r-from-a-mantiq-al-tayr-language-of-the-birds-562792bd-ab78-4b88-8745-96640799939a.jpg,11.84,
met_452668,artworks_met/met_0054_452668.jpg,Shahnama (Book of Kings) of Firdausi,registered,2ced4b8d-4d29-41fa-9bbe-7a4908c7deae,allowed,,0.7143879055976867,8fe3197e-5f28-4112-a9b6-7ee5ace6890c,ready,https://res.cloudinary.com/daz3btopf/image/upload/v1783753792/copyright-registrations/shahnama-book-of-kings-of-firdausi-2ced4b8d-4d29-41fa-9bbe-7a4908c7deae.jpg,11.82,
met_452948,artworks_met/met_0055_452948.jpg,Lacquer Mirror Case,registered,f416fa9e-c1d1-4ae3-ba02-94a07210f83b,allowed,,0.3819528758525848,959ab9b4-c8e1-486a-8a1d-24fbddb9d0df,ready,https://res.cloudinary.com/daz3btopf/image/upload/v1783753805/copyright-registrations/lacquer-mirror-case-f416fa9e-c1d1-4ae3-ba02-94a07210f83b.jpg,10.03,
met_453183,artworks_met/met_0056_453183.jpg,The House of Bijapur,registered,92eb2888-4e8c-4792-a50f-1d7f0a9e1216,allowed,,0.7247702479362488,ea0a740f-b979-4ee7-9faf-c619fb55eba7,ready,https://res.cloudinary.com/daz3btopf/image/upload/v1783753814/copyright-registrations/the-house-of-bijapur-92eb2888-4e8c-4792-a50f-1d7f0a9e1216.jpg,11.83,
met_453250,artworks_met/met_0057_453250.jpg,Study of a Bird,registered,c64ea771-17ef-4e4b-9187-6cfcf1657c6e,allowed,,0.6106625199317932,09711bb7-03fa-4c1d-a400-651b4090ac64,ready,https://res.cloudinary.com/daz3btopf/image/upload/v1783753825/copyright-registrations/study-of-a-bird-c64ea771-17ef-4e4b-9187-6cfcf1657c6e.jpg,11.84,
met_453336,artworks_met/met_0058_453336.jpg,A Stallion,registered,abfea3a7-3808-4caf-a1d0-53fe9ac26f91,allowed,,0.6695132553577423,12ccd674-17ee-40b3-a2b1-b71cb9f3abbf,ready,https://res.cloudinary.com/daz3btopf/image/upload/v1783753837/copyright-registrations/a-stallion-abfea3a7-3808-4caf-a1d0-53fe9ac26f91.jpg,11.82,
met_453351,artworks_met/met_0059_453351.jpg,"""The Angel Gabriel meets 'Amr ibn Zaid (the Shepherd)"", Folio from a Siyer-i Nebi (the Life of the Prophet)",registered,bddec852-857f-49c0-b602-0f49b9117da2,allowed,,0.7595936775207519,237c60db-f610-454c-834e-a8a779271b5a,ready,https://res.cloudinary.com/daz3btopf/image/upload/v1783753849/copyright-registrations/the-angel-gabriel-meets-amr-ibn-zaid-the-shepherd-folio-from-a-siyer-i-nebi-the-life-of-the-prophet-bddec852-857f-49c0-b602-0f49b9117da2.jpg,9.22,
met_454624,artworks_met/met_0060_454624.jpg,"""Black Buck"", Folio from the Shah Jahan Album",registered,37ed1624-ed64-4004-ab52-5ce9835d6141,allowed,,0.7179056882858277,17d9457a-b3f9-4868-bcff-24878f3b9f83,ready,https://res.cloudinary.com/daz3btopf/image/upload/v1783753859/copyright-registrations/black-buck-folio-from-the-shah-jahan-album-37ed1624-ed64-4004-ab52-5ce9835d6141.jpg,12.03,
met_456949,artworks_met/met_0061_456949.jpg,Great Indian Fruit Bat,registered,20dae730-8a2e-4be6-aca5-0ca103900184,allowed,,0.29457598030567167,5d70fcc7-dfd9-425d-b02f-f5fd4d5b89ad,ready,https://res.cloudinary.com/daz3btopf/image/upload/v1783753870/copyright-registrations/great-indian-fruit-bat-20dae730-8a2e-4be6-aca5-0ca103900184.jpg,11.84,
met_466105,artworks_met/met_0062_466105.jpg,Booklet with Scenes of the Passion,registered,39fc8f4d-b9f7-441a-b6e3-378ff5ee5a72,allowed,,0.6232411742210388,2ae157f4-703e-490c-9c25-1a65c9a88859,ready,https://res.cloudinary.com/daz3btopf/image/upload/v1783753883/copyright-registrations/booklet-with-scenes-of-the-passion-39fc8f4d-b9f7-441a-b6e3-378ff5ee5a72.jpg,9.02,
met_472310,artworks_met/met_0063_472310.jpg,Torso of Christ,registered,cd53721d-83d1-4a8d-a542-d71ac0ec5935,allowed,,0.27992671728134155,4b14c749-bbc0-418f-ab27-1ac1507991d4,ready,https://res.cloudinary.com/daz3btopf/image/upload/v1783753891/copyright-registrations/torso-of-christ-cd53721d-83d1-4a8d-a542-d71ac0ec5935.jpg,12.04,
met_544502,artworks_met/met_0064_544502.jpg,Ceiling painting from the palace of Amenhotep III,registered,1629546b-6d6e-47b0-9710-45ae0b851723,allowed,,0.3382939577102661,cf4b4de3-599e-4beb-ac7b-92129da335a3,ready,https://res.cloudinary.com/daz3btopf/image/upload/v1783753904/copyright-registrations/ceiling-painting-from-the-palace-of-amenhotep-iii-1629546b-6d6e-47b0-9710-45ae0b851723.jpg,9.02,
met_547758,artworks_met/met_0065_547758.jpg,Mummy with a Painted Mask Depicting a Woman Holding a Goblet,registered,8182a707-fd88-4942-9ab1-0186b3840841,allowed,,0.7084237933158875,55b0c398-5079-4ec2-b457-f8ee182638d0,ready,https://res.cloudinary.com/daz3btopf/image/upload/v1783753912/copyright-registrations/mummy-with-a-painted-mask-depicting-a-woman-holding-a-goblet-8182a707-fd88-4942-9ab1-0186b3840841.jpg,11.83,
met_556954,artworks_met/met_0066_556954.jpg,Painting Palette,registered,756979ec-d1c4-4b21-8e3e-319385c6fcae,allowed,,0.31994240283966063,f4d37fc2-0a85-42ac-803d-d9045d9028c2,ready,https://res.cloudinary.com/daz3btopf/image/upload/v1783753924/copyright-registrations/painting-palette-756979ec-d1c4-4b21-8e3e-319385c6fcae.jpg,9.02,
met_691053,artworks_met/met_0067_691053.jpg,Painting,registered,5e62a3b6-4394-4251-9f14-0910e7ae3d93,allowed,,0.735512512922287,0411324a-a049-4f4a-bd12-a0b96f6ed815,ready,https://res.cloudinary.com/daz3btopf/image/upload/v1783753933/copyright-registrations/painting-5e62a3b6-4394-4251-9f14-0910e7ae3d93.jpg,11.84,
met_910555,artworks_met/met_0068_910555.jpg,The Thirty-Six Poetic Immortals,registered,a9eb2687-fa13-4df0-a2b7-81524c0e0c98,allowed,,0.5483110129833222,5dc31ce5-437b-4ad6-835b-941449f43867,ready,https://res.cloudinary.com/daz3btopf/image/upload/v1783753945/copyright-registrations/the-thirty-six-poetic-immortals-a9eb2687-fa13-4df0-a2b7-81524c0e0c98.jpg,9.22,
